--
-- PostgreSQL database dump
--

\restrict fhagvIz06yBO2Zj8OLuTB7CUBs5QF9YRfRJmfs0cvithuAlZMImbi36pD8Lnhqn

-- Dumped from database version 16.14
-- Dumped by pg_dump version 16.14

-- Started on 2026-06-30 09:03:19

SET statement_timeout = 0;
SET lock_timeout = 0;
SET idle_in_transaction_session_timeout = 0;
SET client_encoding = 'UTF8';
SET standard_conforming_strings = on;
SELECT pg_catalog.set_config('search_path', '', false);
SET check_function_bodies = false;
SET xmloption = content;
SET client_min_messages = warning;
SET row_security = off;

--
-- TOC entry 246 (class 1255 OID 16799)
-- Name: update_updated_at_column(); Type: FUNCTION; Schema: public; Owner: postgres
--

CREATE FUNCTION public.update_updated_at_column() RETURNS trigger
    LANGUAGE plpgsql
    AS $$
BEGIN
    NEW.updated_at = CURRENT_TIMESTAMP;
    RETURN NEW;
END;
$$;


ALTER FUNCTION public.update_updated_at_column() OWNER TO postgres;

SET default_tablespace = '';

SET default_table_access_method = heap;

--
-- TOC entry 245 (class 1259 OID 16851)
-- Name: audit_log; Type: TABLE; Schema: public; Owner: postgres
--

CREATE TABLE public.audit_log (
    id bigint NOT NULL,
    user_id bigint,
    action character varying(255) NOT NULL,
    target_entity character varying(100),
    target_id bigint,
    old_value text,
    new_value text,
    ip_address character varying(50),
    created_at timestamp with time zone DEFAULT CURRENT_TIMESTAMP
);


ALTER TABLE public.audit_log OWNER TO postgres;

--
-- TOC entry 244 (class 1259 OID 16850)
-- Name: audit_log_id_seq; Type: SEQUENCE; Schema: public; Owner: postgres
--

ALTER TABLE public.audit_log ALTER COLUMN id ADD GENERATED BY DEFAULT AS IDENTITY (
    SEQUENCE NAME public.audit_log_id_seq
    START WITH 1
    INCREMENT BY 1
    NO MINVALUE
    NO MAXVALUE
    CACHE 1
);


--
-- TOC entry 216 (class 1259 OID 16490)
-- Name: department; Type: TABLE; Schema: public; Owner: postgres
--

CREATE TABLE public.department (
    id bigint NOT NULL,
    code character varying(50),
    name character varying(255),
    created_by bigint,
    updated_by bigint,
    created_at timestamp with time zone DEFAULT CURRENT_TIMESTAMP,
    updated_at timestamp with time zone DEFAULT CURRENT_TIMESTAMP
);


ALTER TABLE public.department OWNER TO postgres;

--
-- TOC entry 215 (class 1259 OID 16489)
-- Name: department_id_seq; Type: SEQUENCE; Schema: public; Owner: postgres
--

ALTER TABLE public.department ALTER COLUMN id ADD GENERATED BY DEFAULT AS IDENTITY (
    SEQUENCE NAME public.department_id_seq
    START WITH 1
    INCREMENT BY 1
    NO MINVALUE
    NO MAXVALUE
    CACHE 1
);


--
-- TOC entry 226 (class 1259 OID 16568)
-- Name: dish; Type: TABLE; Schema: public; Owner: postgres
--

CREATE TABLE public.dish (
    id bigint NOT NULL,
    name character varying(255),
    description text,
    is_active boolean DEFAULT true,
    created_by bigint,
    updated_by bigint,
    created_at timestamp with time zone DEFAULT CURRENT_TIMESTAMP,
    updated_at timestamp with time zone DEFAULT CURRENT_TIMESTAMP
);


ALTER TABLE public.dish OWNER TO postgres;

--
-- TOC entry 225 (class 1259 OID 16567)
-- Name: dish_id_seq; Type: SEQUENCE; Schema: public; Owner: postgres
--

ALTER TABLE public.dish ALTER COLUMN id ADD GENERATED BY DEFAULT AS IDENTITY (
    SEQUENCE NAME public.dish_id_seq
    START WITH 1
    INCREMENT BY 1
    NO MINVALUE
    NO MAXVALUE
    CACHE 1
);


--
-- TOC entry 239 (class 1259 OID 16690)
-- Name: invalidated_token; Type: TABLE; Schema: public; Owner: postgres
--

CREATE TABLE public.invalidated_token (
    id bigint NOT NULL,
    token character varying(500),
    expiry_time timestamp with time zone
);


ALTER TABLE public.invalidated_token OWNER TO postgres;

--
-- TOC entry 238 (class 1259 OID 16689)
-- Name: invalidated_token_id_seq; Type: SEQUENCE; Schema: public; Owner: postgres
--

ALTER TABLE public.invalidated_token ALTER COLUMN id ADD GENERATED BY DEFAULT AS IDENTITY (
    SEQUENCE NAME public.invalidated_token_id_seq
    START WITH 1
    INCREMENT BY 1
    NO MINVALUE
    NO MAXVALUE
    CACHE 1
);


--
-- TOC entry 228 (class 1259 OID 16577)
-- Name: menu; Type: TABLE; Schema: public; Owner: postgres
--

CREATE TABLE public.menu (
    id bigint NOT NULL,
    menu_date date,
    price numeric(10,2),
    is_special boolean DEFAULT false,
    status character varying(20),
    created_by bigint,
    created_at timestamp with time zone DEFAULT CURRENT_TIMESTAMP,
    updated_by bigint,
    updated_at timestamp with time zone DEFAULT CURRENT_TIMESTAMP
);


ALTER TABLE public.menu OWNER TO postgres;

--
-- TOC entry 229 (class 1259 OID 16591)
-- Name: menu_dish; Type: TABLE; Schema: public; Owner: postgres
--

CREATE TABLE public.menu_dish (
    menu_id bigint NOT NULL,
    dish_id bigint NOT NULL
);


ALTER TABLE public.menu_dish OWNER TO postgres;

--
-- TOC entry 227 (class 1259 OID 16576)
-- Name: menu_id_seq; Type: SEQUENCE; Schema: public; Owner: postgres
--

ALTER TABLE public.menu ALTER COLUMN id ADD GENERATED BY DEFAULT AS IDENTITY (
    SEQUENCE NAME public.menu_id_seq
    START WITH 1
    INCREMENT BY 1
    NO MINVALUE
    NO MAXVALUE
    CACHE 1
);


--
-- TOC entry 237 (class 1259 OID 16674)
-- Name: notification; Type: TABLE; Schema: public; Owner: postgres
--

CREATE TABLE public.notification (
    id bigint NOT NULL,
    user_id bigint,
    title character varying(255),
    content text,
    is_read boolean DEFAULT false,
    created_at timestamp with time zone DEFAULT CURRENT_TIMESTAMP
);


ALTER TABLE public.notification OWNER TO postgres;

--
-- TOC entry 236 (class 1259 OID 16673)
-- Name: notification_id_seq; Type: SEQUENCE; Schema: public; Owner: postgres
--

ALTER TABLE public.notification ALTER COLUMN id ADD GENERATED BY DEFAULT AS IDENTITY (
    SEQUENCE NAME public.notification_id_seq
    START WITH 1
    INCREMENT BY 1
    NO MINVALUE
    NO MAXVALUE
    CACHE 1
);


--
-- TOC entry 231 (class 1259 OID 16607)
-- Name: order; Type: TABLE; Schema: public; Owner: postgres
--

CREATE TABLE public."order" (
    id bigint NOT NULL,
    user_id bigint,
    menu_id bigint,
    price numeric(10,2),
    status character varying(20),
    ticket_source character varying(10),
    original_user_id bigint,
    is_printed boolean DEFAULT false,
    created_at timestamp with time zone DEFAULT CURRENT_TIMESTAMP,
    updated_by bigint,
    updated_at timestamp with time zone DEFAULT CURRENT_TIMESTAMP
);


ALTER TABLE public."order" OWNER TO postgres;

--
-- TOC entry 230 (class 1259 OID 16606)
-- Name: order_id_seq; Type: SEQUENCE; Schema: public; Owner: postgres
--

ALTER TABLE public."order" ALTER COLUMN id ADD GENERATED BY DEFAULT AS IDENTITY (
    SEQUENCE NAME public.order_id_seq
    START WITH 1
    INCREMENT BY 1
    NO MINVALUE
    NO MAXVALUE
    CACHE 1
);


--
-- TOC entry 220 (class 1259 OID 16506)
-- Name: permission; Type: TABLE; Schema: public; Owner: postgres
--

CREATE TABLE public.permission (
    id bigint NOT NULL,
    action character varying(100),
    description character varying(255),
    created_by bigint,
    updated_by bigint,
    created_at timestamp with time zone DEFAULT CURRENT_TIMESTAMP,
    updated_at timestamp with time zone DEFAULT CURRENT_TIMESTAMP
);


ALTER TABLE public.permission OWNER TO postgres;

--
-- TOC entry 219 (class 1259 OID 16505)
-- Name: permission_id_seq; Type: SEQUENCE; Schema: public; Owner: postgres
--

ALTER TABLE public.permission ALTER COLUMN id ADD GENERATED BY DEFAULT AS IDENTITY (
    SEQUENCE NAME public.permission_id_seq
    START WITH 1
    INCREMENT BY 1
    NO MINVALUE
    NO MAXVALUE
    CACHE 1
);


--
-- TOC entry 235 (class 1259 OID 16654)
-- Name: rating; Type: TABLE; Schema: public; Owner: postgres
--

CREATE TABLE public.rating (
    id bigint NOT NULL,
    user_id bigint,
    menu_id bigint,
    score integer,
    comment text,
    created_at timestamp with time zone DEFAULT CURRENT_TIMESTAMP,
    CONSTRAINT rating_score_check CHECK (((score >= 1) AND (score <= 5)))
);


ALTER TABLE public.rating OWNER TO postgres;

--
-- TOC entry 234 (class 1259 OID 16653)
-- Name: rating_id_seq; Type: SEQUENCE; Schema: public; Owner: postgres
--

ALTER TABLE public.rating ALTER COLUMN id ADD GENERATED BY DEFAULT AS IDENTITY (
    SEQUENCE NAME public.rating_id_seq
    START WITH 1
    INCREMENT BY 1
    NO MINVALUE
    NO MAXVALUE
    CACHE 1
);


--
-- TOC entry 241 (class 1259 OID 16700)
-- Name: refresh_token; Type: TABLE; Schema: public; Owner: postgres
--

CREATE TABLE public.refresh_token (
    id bigint NOT NULL,
    user_id bigint,
    token character varying(500),
    expiry_time timestamp with time zone
);


ALTER TABLE public.refresh_token OWNER TO postgres;

--
-- TOC entry 240 (class 1259 OID 16699)
-- Name: refresh_token_id_seq; Type: SEQUENCE; Schema: public; Owner: postgres
--

ALTER TABLE public.refresh_token ALTER COLUMN id ADD GENERATED BY DEFAULT AS IDENTITY (
    SEQUENCE NAME public.refresh_token_id_seq
    START WITH 1
    INCREMENT BY 1
    NO MINVALUE
    NO MAXVALUE
    CACHE 1
);


--
-- TOC entry 218 (class 1259 OID 16498)
-- Name: role; Type: TABLE; Schema: public; Owner: postgres
--

CREATE TABLE public.role (
    id bigint NOT NULL,
    code character varying(50),
    name character varying(255),
    created_by bigint,
    updated_by bigint,
    created_at timestamp with time zone DEFAULT CURRENT_TIMESTAMP,
    updated_at timestamp with time zone DEFAULT CURRENT_TIMESTAMP
);


ALTER TABLE public.role OWNER TO postgres;

--
-- TOC entry 217 (class 1259 OID 16497)
-- Name: role_id_seq; Type: SEQUENCE; Schema: public; Owner: postgres
--

ALTER TABLE public.role ALTER COLUMN id ADD GENERATED BY DEFAULT AS IDENTITY (
    SEQUENCE NAME public.role_id_seq
    START WITH 1
    INCREMENT BY 1
    NO MINVALUE
    NO MAXVALUE
    CACHE 1
);


--
-- TOC entry 224 (class 1259 OID 16552)
-- Name: role_permission; Type: TABLE; Schema: public; Owner: postgres
--

CREATE TABLE public.role_permission (
    role_id bigint NOT NULL,
    permission_id bigint NOT NULL
);


ALTER TABLE public.role_permission OWNER TO postgres;

--
-- TOC entry 243 (class 1259 OID 16834)
-- Name: system_config; Type: TABLE; Schema: public; Owner: postgres
--

CREATE TABLE public.system_config (
    id bigint NOT NULL,
    config_key character varying(100) NOT NULL,
    config_value text,
    description character varying(255),
    updated_by bigint,
    updated_at timestamp with time zone DEFAULT CURRENT_TIMESTAMP
);


ALTER TABLE public.system_config OWNER TO postgres;

--
-- TOC entry 242 (class 1259 OID 16833)
-- Name: system_config_id_seq; Type: SEQUENCE; Schema: public; Owner: postgres
--

ALTER TABLE public.system_config ALTER COLUMN id ADD GENERATED BY DEFAULT AS IDENTITY (
    SEQUENCE NAME public.system_config_id_seq
    START WITH 1
    INCREMENT BY 1
    NO MINVALUE
    NO MAXVALUE
    CACHE 1
);


--
-- TOC entry 233 (class 1259 OID 16634)
-- Name: ticket_exchange; Type: TABLE; Schema: public; Owner: postgres
--

CREATE TABLE public.ticket_exchange (
    id bigint NOT NULL,
    order_id bigint,
    buyer_id bigint,
    status character varying(20),
    created_at timestamp with time zone DEFAULT CURRENT_TIMESTAMP
);


ALTER TABLE public.ticket_exchange OWNER TO postgres;

--
-- TOC entry 232 (class 1259 OID 16633)
-- Name: ticket_exchange_id_seq; Type: SEQUENCE; Schema: public; Owner: postgres
--

ALTER TABLE public.ticket_exchange ALTER COLUMN id ADD GENERATED BY DEFAULT AS IDENTITY (
    SEQUENCE NAME public.ticket_exchange_id_seq
    START WITH 1
    INCREMENT BY 1
    NO MINVALUE
    NO MAXVALUE
    CACHE 1
);


--
-- TOC entry 222 (class 1259 OID 16514)
-- Name: user; Type: TABLE; Schema: public; Owner: postgres
--

CREATE TABLE public."user" (
    id bigint NOT NULL,
    username character varying(50),
    employee_code character varying(50),
    full_name character varying(255),
    email character varying(255),
    password character varying(255),
    department_id bigint,
    is_active boolean DEFAULT true,
    created_at timestamp with time zone DEFAULT CURRENT_TIMESTAMP,
    updated_at timestamp with time zone DEFAULT CURRENT_TIMESTAMP,
    created_by bigint,
    updated_by bigint
);


ALTER TABLE public."user" OWNER TO postgres;

--
-- TOC entry 221 (class 1259 OID 16513)
-- Name: user_id_seq; Type: SEQUENCE; Schema: public; Owner: postgres
--

ALTER TABLE public."user" ALTER COLUMN id ADD GENERATED BY DEFAULT AS IDENTITY (
    SEQUENCE NAME public.user_id_seq
    START WITH 1
    INCREMENT BY 1
    NO MINVALUE
    NO MAXVALUE
    CACHE 1
);


--
-- TOC entry 223 (class 1259 OID 16537)
-- Name: user_role; Type: TABLE; Schema: public; Owner: postgres
--

CREATE TABLE public.user_role (
    user_id bigint NOT NULL,
    role_id bigint NOT NULL
);


ALTER TABLE public.user_role OWNER TO postgres;

--
-- TOC entry 5115 (class 0 OID 16851)
-- Dependencies: 245
-- Data for Name: audit_log; Type: TABLE DATA; Schema: public; Owner: postgres
--



--
-- TOC entry 5086 (class 0 OID 16490)
-- Dependencies: 216
-- Data for Name: department; Type: TABLE DATA; Schema: public; Owner: postgres
--

INSERT INTO public.department VALUES (2, 'CNVT', 'Công nghệ viễn thông', NULL, NULL, '2026-06-26 15:05:21.428915+07', '2026-06-26 15:05:21.428915+07');
INSERT INTO public.department VALUES (3, 'ADMIN', 'ADMIN', NULL, NULL, '2026-06-29 11:30:21.649583+07', '2026-06-29 11:30:21.649583+07');
INSERT INTO public.department VALUES (4, 'TTCNTT', 'Trung tâm Công nghệ thông tin', NULL, NULL, '2026-06-29 13:47:55.951686+07', '2026-06-29 13:47:55.951686+07');
INSERT INTO public.department VALUES (5, 'ATTT', 'An toàn thông tin', NULL, NULL, '2026-06-29 13:47:55.951686+07', '2026-06-29 13:47:55.951686+07');
INSERT INTO public.department VALUES (6, 'DHDV', 'Điều hành dịch vụ', NULL, NULL, '2026-06-29 13:47:55.951686+07', '2026-06-29 13:47:55.951686+07');
INSERT INTO public.department VALUES (7, 'QTHTDL', 'Quản trị hệ thống và dữ liệu', NULL, NULL, '2026-06-29 13:47:55.951686+07', '2026-06-29 13:47:55.951686+07');
INSERT INTO public.department VALUES (8, 'DTDM', 'Điện toán đám mây', NULL, NULL, '2026-06-29 13:47:55.951686+07', '2026-06-29 13:47:55.951686+07');
INSERT INTO public.department VALUES (9, 'HT', 'Hạ tầng', NULL, NULL, '2026-06-29 13:47:55.951686+07', '2026-06-29 13:47:55.951686+07');


--
-- TOC entry 5096 (class 0 OID 16568)
-- Dependencies: 226
-- Data for Name: dish; Type: TABLE DATA; Schema: public; Owner: postgres
--

INSERT INTO public.dish VALUES (4, 'Phở gà', 'Phở nước dùng gà ta xé phay thơm ngọt', true, NULL, NULL, '2026-06-30 09:01:45.827149+07', '2026-06-30 09:01:45.827149+07');
INSERT INTO public.dish VALUES (5, 'Mỳ miến gà', 'Mỳ hoặc miến nấu thịt gà ta', true, NULL, NULL, '2026-06-30 09:01:45.827149+07', '2026-06-30 09:01:45.827149+07');
INSERT INTO public.dish VALUES (6, 'Bún cá', 'Bún cá rô chiên giòn nước dùng chua thanh', true, NULL, NULL, '2026-06-30 09:01:45.827149+07', '2026-06-30 09:01:45.827149+07');
INSERT INTO public.dish VALUES (7, 'Bánh đa cá', 'Bánh đa đỏ nấu cá rô chiên giòn thơm ngon', true, NULL, NULL, '2026-06-30 09:01:45.827149+07', '2026-06-30 09:01:45.827149+07');
INSERT INTO public.dish VALUES (8, 'Phở bò', 'Phở bò chín/tái truyền thống nước dùng ninh xương', true, NULL, NULL, '2026-06-30 09:01:45.827149+07', '2026-06-30 09:01:45.827149+07');
INSERT INTO public.dish VALUES (9, 'Bún bò', 'Bún bò nước dùng thơm ngọt', true, NULL, NULL, '2026-06-30 09:01:45.827149+07', '2026-06-30 09:01:45.827149+07');
INSERT INTO public.dish VALUES (10, 'Mỳ bò', 'Mỳ ăn liền hoặc mỳ tươi nấu thịt bò chín', true, NULL, NULL, '2026-06-30 09:01:45.827149+07', '2026-06-30 09:01:45.827149+07');
INSERT INTO public.dish VALUES (11, 'Bún mọc thịt măng khô', 'Bún mọc viên thịt kèm măng khô ninh mềm', true, NULL, NULL, '2026-06-30 09:01:45.827149+07', '2026-06-30 09:01:45.827149+07');
INSERT INTO public.dish VALUES (12, 'Gà chiên mắm', 'Thịt gà chặt miếng chiên nước mắm đậm đà', true, NULL, NULL, '2026-06-30 09:01:45.827149+07', '2026-06-30 09:01:45.827149+07');
INSERT INTO public.dish VALUES (13, 'Cá chim kho chuối xanh', 'Cá chim tươi kho tương gừng và chuối xanh dân dã', true, NULL, NULL, '2026-06-30 09:01:45.827149+07', '2026-06-30 09:01:45.827149+07');
INSERT INTO public.dish VALUES (14, 'Su su, cà rốt luộc', 'Su su và cà rốt luộc thanh mát chấm muối vừng/kho quẹt', true, NULL, NULL, '2026-06-30 09:01:45.827149+07', '2026-06-30 09:01:45.827149+07');
INSERT INTO public.dish VALUES (15, 'Salad rau trộn', 'Rau xà lách, cà chua và dưa chuột trộn sốt chua ngọt', true, NULL, NULL, '2026-06-30 09:01:45.827149+07', '2026-06-30 09:01:45.827149+07');
INSERT INTO public.dish VALUES (16, 'Canh dưa nấu chua', 'Canh dưa cải chua nấu thịt băm/sườn heo ngon ngọt', true, NULL, NULL, '2026-06-30 09:01:45.827149+07', '2026-06-30 09:01:45.827149+07');
INSERT INTO public.dish VALUES (17, 'Cơm trắng', 'Cơm tẻ thơm dẻo nóng hổi', true, NULL, NULL, '2026-06-30 09:01:45.827149+07', '2026-06-30 09:01:45.827149+07');
INSERT INTO public.dish VALUES (18, 'Trà xanh + lá vối', 'Nước uống lá vối trà xanh thanh nhiệt giải độc', true, NULL, NULL, '2026-06-30 09:01:45.827149+07', '2026-06-30 09:01:45.827149+07');
INSERT INTO public.dish VALUES (19, 'Thịt luộc chấm mắm tép', 'Thịt ba chỉ luộc thái mỏng chấm mắm tép đậm đà', true, NULL, NULL, '2026-06-30 09:01:45.827149+07', '2026-06-30 09:01:45.827149+07');
INSERT INTO public.dish VALUES (20, 'Đậu mơ nhồi thịt sốt cà chua', 'Đậu phụ mơ nhồi thịt băm sốt cà chua đưa cơm', true, NULL, NULL, '2026-06-30 09:01:45.827149+07', '2026-06-30 09:01:45.827149+07');
INSERT INTO public.dish VALUES (21, 'Bí ngô xào tỏi', 'Bí ngô đỏ non thái miếng xào tỏi thơm bùi', true, NULL, NULL, '2026-06-30 09:01:45.827149+07', '2026-06-30 09:01:45.827149+07');
INSERT INTO public.dish VALUES (22, 'Dưa muối', 'Dưa cải bẹ muối chua giòn tan ngon miệng', true, NULL, NULL, '2026-06-30 09:01:45.827149+07', '2026-06-30 09:01:45.827149+07');
INSERT INTO public.dish VALUES (23, 'Canh cải xanh nấu thịt', 'Canh rau cải xanh nấu thịt băm thanh ngọt ấm bụng', true, NULL, NULL, '2026-06-30 09:01:45.827149+07', '2026-06-30 09:01:45.827149+07');
INSERT INTO public.dish VALUES (24, 'Trà xanh + la hán', 'Nước trà xanh kết hợp quả la hán thanh mát ngọt giọng', true, NULL, NULL, '2026-06-30 09:01:45.827149+07', '2026-06-30 09:01:45.827149+07');
INSERT INTO public.dish VALUES (25, 'Thịt kho củ cải', 'Thịt heo kho củ cải trắng đậm vị dẻo thơm', true, NULL, NULL, '2026-06-30 09:01:45.827149+07', '2026-06-30 09:01:45.827149+07');
INSERT INTO public.dish VALUES (26, 'Cá rô chiên giòn', 'Cá rô chiên xù giòn tan ăn kèm nước mắm tỏi ớt', true, NULL, NULL, '2026-06-30 09:01:45.827149+07', '2026-06-30 09:01:45.827149+07');
INSERT INTO public.dish VALUES (27, 'Bắp cải luộc', 'Bắp cải luộc chín tới chấm trứng dầm nước mắm', true, NULL, NULL, '2026-06-30 09:01:45.827149+07', '2026-06-30 09:01:45.827149+07');
INSERT INTO public.dish VALUES (28, 'Dưa giá trộn', 'Giá đỗ trộn cà rốt, hẹ chua ngọt thanh mát', true, NULL, NULL, '2026-06-30 09:01:45.827149+07', '2026-06-30 09:01:45.827149+07');
INSERT INTO public.dish VALUES (29, 'Canh rau ngót nấu thịt', 'Canh rau ngót tươi nấu thịt heo băm bổ dưỡng', true, NULL, NULL, '2026-06-30 09:01:45.827149+07', '2026-06-30 09:01:45.827149+07');
INSERT INTO public.dish VALUES (30, 'Trà xanh + nhân trần', 'Nước mát trà xanh nhân trần bổ gan mát ruột', true, NULL, NULL, '2026-06-30 09:01:45.827149+07', '2026-06-30 09:01:45.827149+07');
INSERT INTO public.dish VALUES (31, 'Mắm tép chưng thịt', 'Thịt heo băm chưng mắm tép chưng đậm đà đưa cơm', true, NULL, NULL, '2026-06-30 09:01:45.827149+07', '2026-06-30 09:01:45.827149+07');
INSERT INTO public.dish VALUES (32, 'Gà rang sả ớt', 'Thịt gà ta rang sả ớt thơm nồng cay nhẹ', true, NULL, NULL, '2026-06-30 09:01:45.827149+07', '2026-06-30 09:01:45.827149+07');
INSERT INTO public.dish VALUES (33, 'Rau muống luộc', 'Rau muống luộc xanh giòn ăn kèm nước sấu chua thanh', true, NULL, NULL, '2026-06-30 09:01:45.827149+07', '2026-06-30 09:01:45.827149+07');
INSERT INTO public.dish VALUES (34, 'Cà muối', 'Cà pháo muối giòn truyền thống', true, NULL, NULL, '2026-06-30 09:01:45.827149+07', '2026-06-30 09:01:45.827149+07');
INSERT INTO public.dish VALUES (35, 'Canh cua mồng tơi', 'Canh cua đồng nấu rau mồng tơi và mướp hương ngọt lịm', true, NULL, NULL, '2026-06-30 09:01:45.827149+07', '2026-06-30 09:01:45.827149+07');
INSERT INTO public.dish VALUES (36, 'Trà xanh + mướp đắng khô', 'Nước mát trà xanh hãm cùng mướp đắng khô thanh lọc cơ thể', true, NULL, NULL, '2026-06-30 09:01:45.827149+07', '2026-06-30 09:01:45.827149+07');
INSERT INTO public.dish VALUES (37, 'Sườn om khoai sọ', 'Sườn non om khoai sọ dẻo bùi đậm đà', true, NULL, NULL, '2026-06-30 09:01:45.827149+07', '2026-06-30 09:01:45.827149+07');
INSERT INTO public.dish VALUES (38, 'Trứng tráng thịt băm', 'Trứng vịt tráng với thịt băm xơ hành thơm phức', true, NULL, NULL, '2026-06-30 09:01:45.827149+07', '2026-06-30 09:01:45.827149+07');
INSERT INTO public.dish VALUES (39, 'Bầu luộc', 'Bầu luộc chấm muối vừng/nước mắm ngọt mát', true, NULL, NULL, '2026-06-30 09:01:45.827149+07', '2026-06-30 09:01:45.827149+07');
INSERT INTO public.dish VALUES (40, 'Lạc chao', 'Lạc rang muối giòn bùi ngậy', true, NULL, NULL, '2026-06-30 09:01:45.827149+07', '2026-06-30 09:01:45.827149+07');
INSERT INTO public.dish VALUES (41, 'Canh rau dền', 'Canh rau dền đỏ nấu tôm hoặc thịt băm bổ máu', true, NULL, NULL, '2026-06-30 09:01:45.827149+07', '2026-06-30 09:01:45.827149+07');
INSERT INTO public.dish VALUES (42, 'Trà xanh + nước ngô', 'Nước trà xanh pha râu ngô ngọt mát tự nhiên', true, NULL, NULL, '2026-06-30 09:01:45.827149+07', '2026-06-30 09:01:45.827149+07');
INSERT INTO public.dish VALUES (43, 'Bún chả', 'Món ăn trưa đặc biệt bún chả thịt nướng than hoa thơm phức', true, NULL, NULL, '2026-06-30 09:01:45.827149+07', '2026-06-30 09:01:45.827149+07');


--
-- TOC entry 5109 (class 0 OID 16690)
-- Dependencies: 239
-- Data for Name: invalidated_token; Type: TABLE DATA; Schema: public; Owner: postgres
--

INSERT INTO public.invalidated_token VALUES (1, '6559b588-9ae7-4bff-9e61-871226e1c081', '2026-06-29 11:24:31+07');


--
-- TOC entry 5098 (class 0 OID 16577)
-- Dependencies: 228
-- Data for Name: menu; Type: TABLE DATA; Schema: public; Owner: postgres
--



--
-- TOC entry 5099 (class 0 OID 16591)
-- Dependencies: 229
-- Data for Name: menu_dish; Type: TABLE DATA; Schema: public; Owner: postgres
--



--
-- TOC entry 5107 (class 0 OID 16674)
-- Dependencies: 237
-- Data for Name: notification; Type: TABLE DATA; Schema: public; Owner: postgres
--



--
-- TOC entry 5101 (class 0 OID 16607)
-- Dependencies: 231
-- Data for Name: order; Type: TABLE DATA; Schema: public; Owner: postgres
--



--
-- TOC entry 5090 (class 0 OID 16506)
-- Dependencies: 220
-- Data for Name: permission; Type: TABLE DATA; Schema: public; Owner: postgres
--

INSERT INTO public.permission VALUES (1, 'VIEW_ROLES', 'Xem danh sách vai trò', NULL, NULL, '2026-06-29 11:13:25.582734+07', '2026-06-29 11:13:25.582734+07');
INSERT INTO public.permission VALUES (2, 'VIEW_PERMISSIONS', 'Xem danh sách mã quyền', NULL, NULL, '2026-06-29 11:13:25.582734+07', '2026-06-29 11:13:25.582734+07');
INSERT INTO public.permission VALUES (3, 'ASSIGN_PERMISSIONS', 'Gán/thu hồi quyền cho Role', NULL, NULL, '2026-06-29 11:13:25.582734+07', '2026-06-29 11:13:25.582734+07');
INSERT INTO public.permission VALUES (4, 'ASSIGN_USER_ROLES', 'Phân quyền (gán Role) cho User', NULL, NULL, '2026-06-29 11:13:25.582734+07', '2026-06-29 11:13:25.582734+07');
INSERT INTO public.permission VALUES (5, 'MANAGE_SYSTEM_CONFIG', 'Cấu hình hệ thống (Giờ cut-off, OTP)', NULL, NULL, '2026-06-29 11:13:25.582734+07', '2026-06-29 11:13:25.582734+07');
INSERT INTO public.permission VALUES (6, 'VIEW_AUDIT_LOG', 'Xem nhật ký hoạt động hệ thống', NULL, NULL, '2026-06-29 11:13:25.582734+07', '2026-06-29 11:13:25.582734+07');
INSERT INTO public.permission VALUES (7, 'VIEW_DEPARTMENTS', 'Lấy danh sách phòng ban', NULL, NULL, '2026-06-29 11:13:25.582734+07', '2026-06-29 11:13:25.582734+07');
INSERT INTO public.permission VALUES (8, 'VIEW_USERS', 'Tìm kiếm, lọc danh sách nhân viên', NULL, NULL, '2026-06-29 11:13:25.582734+07', '2026-06-29 11:13:25.582734+07');
INSERT INTO public.permission VALUES (9, 'MANAGE_USERS', 'Thêm, sửa, vô hiệu hóa tài khoản nhân viên', NULL, NULL, '2026-06-29 11:13:25.582734+07', '2026-06-29 11:13:25.582734+07');
INSERT INTO public.permission VALUES (10, 'VIEW_DISHES', 'Xem kho danh mục món ăn', NULL, NULL, '2026-06-29 11:13:25.582734+07', '2026-06-29 11:13:25.582734+07');
INSERT INTO public.permission VALUES (11, 'MANAGE_DISHES', 'Thêm mới, sửa, ngưng phục vụ món ăn', NULL, NULL, '2026-06-29 11:13:25.582734+07', '2026-06-29 11:13:25.582734+07');
INSERT INTO public.permission VALUES (12, 'VIEW_ADMIN_MENUS', 'Xem danh sách/lịch trình thực đơn tổng quát', NULL, NULL, '2026-06-29 11:13:25.582734+07', '2026-06-29 11:13:25.582734+07');
INSERT INTO public.permission VALUES (13, 'MANAGE_MENUS', 'Thiết lập, chỉnh sửa, khóa sổ thực đơn', NULL, NULL, '2026-06-29 11:13:25.582734+07', '2026-06-29 11:13:25.582734+07');
INSERT INTO public.permission VALUES (14, 'VIEW_ALL_ORDERS', 'Xem tổng số đơn đặt để chuẩn bị/đối soát', NULL, NULL, '2026-06-29 11:13:25.582734+07', '2026-06-29 11:13:25.582734+07');
INSERT INTO public.permission VALUES (15, 'MANAGE_ORDERS', 'In phiếu ăn, cập nhật trạng thái đơn', NULL, NULL, '2026-06-29 11:13:25.582734+07', '2026-06-29 11:13:25.582734+07');
INSERT INTO public.permission VALUES (16, 'OVERRIDE_ORDERS', 'Ghi đè chốt sổ, thêm suất ăn ngoại lệ', NULL, NULL, '2026-06-29 11:13:25.582734+07', '2026-06-29 11:13:25.582734+07');
INSERT INTO public.permission VALUES (17, 'CREATE_OWN_ORDER', 'Đăng ký, hủy đặt suất ăn cá nhân', NULL, NULL, '2026-06-29 11:13:25.582734+07', '2026-06-29 11:13:25.582734+07');
INSERT INTO public.permission VALUES (18, 'EXCHANGE_TICKETS', 'Đăng, rút, nhận vé trên chợ pass vé', NULL, NULL, '2026-06-29 11:13:25.582734+07', '2026-06-29 11:13:25.582734+07');
INSERT INTO public.permission VALUES (19, 'CREATE_RATING', 'Đánh giá, bình luận suất ăn cá nhân', NULL, NULL, '2026-06-29 11:13:25.582734+07', '2026-06-29 11:13:25.582734+07');
INSERT INTO public.permission VALUES (20, 'DELETE_ANY_RATING', 'Xóa bài đánh giá phản cảm', NULL, NULL, '2026-06-29 11:13:25.582734+07', '2026-06-29 11:13:25.582734+07');
INSERT INTO public.permission VALUES (21, 'SEND_NOTIFICATIONS', 'Gửi thông báo nhắc nhở đặt cơm chủ động', NULL, NULL, '2026-06-29 11:13:25.582734+07', '2026-06-29 11:13:25.582734+07');
INSERT INTO public.permission VALUES (22, 'NOTIFY_READY', 'Bấm nút thông báo món ăn đã sẵn sàng phục vụ', NULL, NULL, '2026-06-29 11:13:25.582734+07', '2026-06-29 11:13:25.582734+07');
INSERT INTO public.permission VALUES (23, 'VIEW_REPORTS', 'Xem tổng hợp công nợ trên web', NULL, NULL, '2026-06-29 11:13:25.582734+07', '2026-06-29 11:13:25.582734+07');
INSERT INTO public.permission VALUES (24, 'EXPORT_REPORTS', 'Xuất file Excel/CSV chốt sổ doanh thu', NULL, NULL, '2026-06-29 11:13:25.582734+07', '2026-06-29 11:13:25.582734+07');
INSERT INTO public.permission VALUES (25, 'MANAGE_DEPARTMENTS', 'Thêm, sửa, xóa phòng/ban', NULL, NULL, '2026-06-29 14:28:35.273069+07', '2026-06-29 14:28:35.273069+07');
INSERT INTO public.permission VALUES (26, 'MANAGE_ROLES', 'Thêm, sửa, xóa vai trò hệ thống', NULL, NULL, '2026-06-29 14:43:47.087789+07', '2026-06-29 14:43:47.087789+07');
INSERT INTO public.permission VALUES (27, 'MANAGE_PERMISSIONS', 'Thêm, sửa, xóa quyền hệ thống', NULL, NULL, '2026-06-29 14:43:47.087789+07', '2026-06-29 14:43:47.087789+07');


--
-- TOC entry 5105 (class 0 OID 16654)
-- Dependencies: 235
-- Data for Name: rating; Type: TABLE DATA; Schema: public; Owner: postgres
--



--
-- TOC entry 5111 (class 0 OID 16700)
-- Dependencies: 241
-- Data for Name: refresh_token; Type: TABLE DATA; Schema: public; Owner: postgres
--



--
-- TOC entry 5088 (class 0 OID 16498)
-- Dependencies: 218
-- Data for Name: role; Type: TABLE DATA; Schema: public; Owner: postgres
--

INSERT INTO public.role VALUES (1, 'SUPER_ADMIN', 'Quản trị viên hệ thống', NULL, NULL, '2026-06-29 11:13:25.582734+07', '2026-06-29 13:39:29.627798+07');
INSERT INTO public.role VALUES (2, 'ADMIN', 'Quản trị viên văn phòng / HR', NULL, NULL, '2026-06-29 11:13:25.582734+07', '2026-06-29 13:39:29.663467+07');
INSERT INTO public.role VALUES (3, 'KITCHEN', 'Nhà bếp / Vendor', NULL, NULL, '2026-06-29 11:13:25.582734+07', '2026-06-29 13:39:29.664314+07');
INSERT INTO public.role VALUES (4, 'USER', 'Nhân viên công ty', NULL, NULL, '2026-06-29 11:13:25.582734+07', '2026-06-29 13:39:29.665079+07');


--
-- TOC entry 5094 (class 0 OID 16552)
-- Dependencies: 224
-- Data for Name: role_permission; Type: TABLE DATA; Schema: public; Owner: postgres
--

INSERT INTO public.role_permission VALUES (1, 1);
INSERT INTO public.role_permission VALUES (1, 2);
INSERT INTO public.role_permission VALUES (1, 3);
INSERT INTO public.role_permission VALUES (1, 4);
INSERT INTO public.role_permission VALUES (1, 5);
INSERT INTO public.role_permission VALUES (1, 6);
INSERT INTO public.role_permission VALUES (1, 7);
INSERT INTO public.role_permission VALUES (1, 8);
INSERT INTO public.role_permission VALUES (1, 9);
INSERT INTO public.role_permission VALUES (1, 10);
INSERT INTO public.role_permission VALUES (1, 11);
INSERT INTO public.role_permission VALUES (1, 12);
INSERT INTO public.role_permission VALUES (1, 13);
INSERT INTO public.role_permission VALUES (1, 14);
INSERT INTO public.role_permission VALUES (1, 15);
INSERT INTO public.role_permission VALUES (1, 16);
INSERT INTO public.role_permission VALUES (1, 20);
INSERT INTO public.role_permission VALUES (1, 21);
INSERT INTO public.role_permission VALUES (1, 23);
INSERT INTO public.role_permission VALUES (1, 24);
INSERT INTO public.role_permission VALUES (2, 7);
INSERT INTO public.role_permission VALUES (2, 8);
INSERT INTO public.role_permission VALUES (2, 9);
INSERT INTO public.role_permission VALUES (2, 10);
INSERT INTO public.role_permission VALUES (2, 11);
INSERT INTO public.role_permission VALUES (2, 12);
INSERT INTO public.role_permission VALUES (2, 13);
INSERT INTO public.role_permission VALUES (2, 14);
INSERT INTO public.role_permission VALUES (2, 15);
INSERT INTO public.role_permission VALUES (2, 16);
INSERT INTO public.role_permission VALUES (2, 20);
INSERT INTO public.role_permission VALUES (2, 21);
INSERT INTO public.role_permission VALUES (2, 23);
INSERT INTO public.role_permission VALUES (2, 24);
INSERT INTO public.role_permission VALUES (3, 10);
INSERT INTO public.role_permission VALUES (3, 11);
INSERT INTO public.role_permission VALUES (3, 12);
INSERT INTO public.role_permission VALUES (3, 14);
INSERT INTO public.role_permission VALUES (3, 22);
INSERT INTO public.role_permission VALUES (4, 17);
INSERT INTO public.role_permission VALUES (4, 18);
INSERT INTO public.role_permission VALUES (4, 19);
INSERT INTO public.role_permission VALUES (1, 26);
INSERT INTO public.role_permission VALUES (1, 27);
INSERT INTO public.role_permission VALUES (1, 25);
INSERT INTO public.role_permission VALUES (2, 25);


--
-- TOC entry 5113 (class 0 OID 16834)
-- Dependencies: 243
-- Data for Name: system_config; Type: TABLE DATA; Schema: public; Owner: postgres
--



--
-- TOC entry 5103 (class 0 OID 16634)
-- Dependencies: 233
-- Data for Name: ticket_exchange; Type: TABLE DATA; Schema: public; Owner: postgres
--



--
-- TOC entry 5092 (class 0 OID 16514)
-- Dependencies: 222
-- Data for Name: user; Type: TABLE DATA; Schema: public; Owner: postgres
--

INSERT INTO public."user" VALUES (1, '0349755252', '00278346', 'Đặng Nam Anh', 'anhdn2@vnpost.vn', '$2a$12$TB4hiuPRbw0JfdmPmRAeAeIpasdGvQK1zjvqZh2ESDM.EHHVnq4Uq', 2, true, '2026-06-26 16:04:25.940085+07', '2026-06-29 09:17:29.171158+07', NULL, NULL);
INSERT INTO public."user" VALUES (2, 'admin', '0', 'Đặng Nam Anh', 'sadmin@vnpost.vn', '$2a$12$II8vTLC1DHqenxGyhHOGCuyG1mfFHVGMETb5Qs9BCYWpQcdlCa09u', 3, true, '2026-06-29 11:31:18.812601+07', '2026-06-29 11:31:18.812601+07', NULL, NULL);
INSERT INTO public."user" VALUES (3, '012345678', '01234567', 'Trung Nguyên', 'nguyentn2@vnpost.vn', '$2a$12$FKk.9HKedA8vXLMF1aQlU.oIjbUjMa8xzAqzS/8w4aNwMemUObH4e', 9, true, '2026-06-29 15:55:29.429549+07', '2026-06-29 15:55:29.429549+07', NULL, NULL);


--
-- TOC entry 5093 (class 0 OID 16537)
-- Dependencies: 223
-- Data for Name: user_role; Type: TABLE DATA; Schema: public; Owner: postgres
--

INSERT INTO public.user_role VALUES (2, 1);


--
-- TOC entry 5121 (class 0 OID 0)
-- Dependencies: 244
-- Name: audit_log_id_seq; Type: SEQUENCE SET; Schema: public; Owner: postgres
--

SELECT pg_catalog.setval('public.audit_log_id_seq', 1, false);


--
-- TOC entry 5122 (class 0 OID 0)
-- Dependencies: 215
-- Name: department_id_seq; Type: SEQUENCE SET; Schema: public; Owner: postgres
--

SELECT pg_catalog.setval('public.department_id_seq', 9, true);


--
-- TOC entry 5123 (class 0 OID 0)
-- Dependencies: 225
-- Name: dish_id_seq; Type: SEQUENCE SET; Schema: public; Owner: postgres
--

SELECT pg_catalog.setval('public.dish_id_seq', 43, true);


--
-- TOC entry 5124 (class 0 OID 0)
-- Dependencies: 238
-- Name: invalidated_token_id_seq; Type: SEQUENCE SET; Schema: public; Owner: postgres
--

SELECT pg_catalog.setval('public.invalidated_token_id_seq', 1, true);


--
-- TOC entry 5125 (class 0 OID 0)
-- Dependencies: 227
-- Name: menu_id_seq; Type: SEQUENCE SET; Schema: public; Owner: postgres
--

SELECT pg_catalog.setval('public.menu_id_seq', 1, false);


--
-- TOC entry 5126 (class 0 OID 0)
-- Dependencies: 236
-- Name: notification_id_seq; Type: SEQUENCE SET; Schema: public; Owner: postgres
--

SELECT pg_catalog.setval('public.notification_id_seq', 1, false);


--
-- TOC entry 5127 (class 0 OID 0)
-- Dependencies: 230
-- Name: order_id_seq; Type: SEQUENCE SET; Schema: public; Owner: postgres
--

SELECT pg_catalog.setval('public.order_id_seq', 1, false);


--
-- TOC entry 5128 (class 0 OID 0)
-- Dependencies: 219
-- Name: permission_id_seq; Type: SEQUENCE SET; Schema: public; Owner: postgres
--

SELECT pg_catalog.setval('public.permission_id_seq', 27, true);


--
-- TOC entry 5129 (class 0 OID 0)
-- Dependencies: 234
-- Name: rating_id_seq; Type: SEQUENCE SET; Schema: public; Owner: postgres
--

SELECT pg_catalog.setval('public.rating_id_seq', 1, false);


--
-- TOC entry 5130 (class 0 OID 0)
-- Dependencies: 240
-- Name: refresh_token_id_seq; Type: SEQUENCE SET; Schema: public; Owner: postgres
--

SELECT pg_catalog.setval('public.refresh_token_id_seq', 1, false);


--
-- TOC entry 5131 (class 0 OID 0)
-- Dependencies: 217
-- Name: role_id_seq; Type: SEQUENCE SET; Schema: public; Owner: postgres
--

SELECT pg_catalog.setval('public.role_id_seq', 4, true);


--
-- TOC entry 5132 (class 0 OID 0)
-- Dependencies: 242
-- Name: system_config_id_seq; Type: SEQUENCE SET; Schema: public; Owner: postgres
--

SELECT pg_catalog.setval('public.system_config_id_seq', 1, false);


--
-- TOC entry 5133 (class 0 OID 0)
-- Dependencies: 232
-- Name: ticket_exchange_id_seq; Type: SEQUENCE SET; Schema: public; Owner: postgres
--

SELECT pg_catalog.setval('public.ticket_exchange_id_seq', 1, false);


--
-- TOC entry 5134 (class 0 OID 0)
-- Dependencies: 221
-- Name: user_id_seq; Type: SEQUENCE SET; Schema: public; Owner: postgres
--

SELECT pg_catalog.setval('public.user_id_seq', 3, true);


--
-- TOC entry 4903 (class 2606 OID 16858)
-- Name: audit_log audit_log_pkey; Type: CONSTRAINT; Schema: public; Owner: postgres
--

ALTER TABLE ONLY public.audit_log
    ADD CONSTRAINT audit_log_pkey PRIMARY KEY (id);


--
-- TOC entry 4839 (class 2606 OID 16496)
-- Name: department department_code_key; Type: CONSTRAINT; Schema: public; Owner: postgres
--

ALTER TABLE ONLY public.department
    ADD CONSTRAINT department_code_key UNIQUE (code);


--
-- TOC entry 4841 (class 2606 OID 16494)
-- Name: department department_pkey; Type: CONSTRAINT; Schema: public; Owner: postgres
--

ALTER TABLE ONLY public.department
    ADD CONSTRAINT department_pkey PRIMARY KEY (id);


--
-- TOC entry 4865 (class 2606 OID 16575)
-- Name: dish dish_pkey; Type: CONSTRAINT; Schema: public; Owner: postgres
--

ALTER TABLE ONLY public.dish
    ADD CONSTRAINT dish_pkey PRIMARY KEY (id);


--
-- TOC entry 4889 (class 2606 OID 16696)
-- Name: invalidated_token invalidated_token_pkey; Type: CONSTRAINT; Schema: public; Owner: postgres
--

ALTER TABLE ONLY public.invalidated_token
    ADD CONSTRAINT invalidated_token_pkey PRIMARY KEY (id);


--
-- TOC entry 4891 (class 2606 OID 16698)
-- Name: invalidated_token invalidated_token_token_key; Type: CONSTRAINT; Schema: public; Owner: postgres
--

ALTER TABLE ONLY public.invalidated_token
    ADD CONSTRAINT invalidated_token_token_key UNIQUE (token);


--
-- TOC entry 4869 (class 2606 OID 16595)
-- Name: menu_dish menu_dish_pkey; Type: CONSTRAINT; Schema: public; Owner: postgres
--

ALTER TABLE ONLY public.menu_dish
    ADD CONSTRAINT menu_dish_pkey PRIMARY KEY (menu_id, dish_id);


--
-- TOC entry 4867 (class 2606 OID 16583)
-- Name: menu menu_pkey; Type: CONSTRAINT; Schema: public; Owner: postgres
--

ALTER TABLE ONLY public.menu
    ADD CONSTRAINT menu_pkey PRIMARY KEY (id);


--
-- TOC entry 4887 (class 2606 OID 16682)
-- Name: notification notification_pkey; Type: CONSTRAINT; Schema: public; Owner: postgres
--

ALTER TABLE ONLY public.notification
    ADD CONSTRAINT notification_pkey PRIMARY KEY (id);


--
-- TOC entry 4873 (class 2606 OID 16613)
-- Name: order order_pkey; Type: CONSTRAINT; Schema: public; Owner: postgres
--

ALTER TABLE ONLY public."order"
    ADD CONSTRAINT order_pkey PRIMARY KEY (id);


--
-- TOC entry 4847 (class 2606 OID 16512)
-- Name: permission permission_action_key; Type: CONSTRAINT; Schema: public; Owner: postgres
--

ALTER TABLE ONLY public.permission
    ADD CONSTRAINT permission_action_key UNIQUE (action);


--
-- TOC entry 4849 (class 2606 OID 16510)
-- Name: permission permission_pkey; Type: CONSTRAINT; Schema: public; Owner: postgres
--

ALTER TABLE ONLY public.permission
    ADD CONSTRAINT permission_pkey PRIMARY KEY (id);


--
-- TOC entry 4882 (class 2606 OID 16662)
-- Name: rating rating_pkey; Type: CONSTRAINT; Schema: public; Owner: postgres
--

ALTER TABLE ONLY public.rating
    ADD CONSTRAINT rating_pkey PRIMARY KEY (id);


--
-- TOC entry 4893 (class 2606 OID 16706)
-- Name: refresh_token refresh_token_pkey; Type: CONSTRAINT; Schema: public; Owner: postgres
--

ALTER TABLE ONLY public.refresh_token
    ADD CONSTRAINT refresh_token_pkey PRIMARY KEY (id);


--
-- TOC entry 4895 (class 2606 OID 16710)
-- Name: refresh_token refresh_token_token_key; Type: CONSTRAINT; Schema: public; Owner: postgres
--

ALTER TABLE ONLY public.refresh_token
    ADD CONSTRAINT refresh_token_token_key UNIQUE (token);


--
-- TOC entry 4897 (class 2606 OID 16708)
-- Name: refresh_token refresh_token_user_id_key; Type: CONSTRAINT; Schema: public; Owner: postgres
--

ALTER TABLE ONLY public.refresh_token
    ADD CONSTRAINT refresh_token_user_id_key UNIQUE (user_id);


--
-- TOC entry 4843 (class 2606 OID 16504)
-- Name: role role_code_key; Type: CONSTRAINT; Schema: public; Owner: postgres
--

ALTER TABLE ONLY public.role
    ADD CONSTRAINT role_code_key UNIQUE (code);


--
-- TOC entry 4863 (class 2606 OID 16556)
-- Name: role_permission role_permission_pkey; Type: CONSTRAINT; Schema: public; Owner: postgres
--

ALTER TABLE ONLY public.role_permission
    ADD CONSTRAINT role_permission_pkey PRIMARY KEY (role_id, permission_id);


--
-- TOC entry 4845 (class 2606 OID 16502)
-- Name: role role_pkey; Type: CONSTRAINT; Schema: public; Owner: postgres
--

ALTER TABLE ONLY public.role
    ADD CONSTRAINT role_pkey PRIMARY KEY (id);


--
-- TOC entry 4899 (class 2606 OID 16843)
-- Name: system_config system_config_config_key_key; Type: CONSTRAINT; Schema: public; Owner: postgres
--

ALTER TABLE ONLY public.system_config
    ADD CONSTRAINT system_config_config_key_key UNIQUE (config_key);


--
-- TOC entry 4901 (class 2606 OID 16841)
-- Name: system_config system_config_pkey; Type: CONSTRAINT; Schema: public; Owner: postgres
--

ALTER TABLE ONLY public.system_config
    ADD CONSTRAINT system_config_pkey PRIMARY KEY (id);


--
-- TOC entry 4878 (class 2606 OID 16641)
-- Name: ticket_exchange ticket_exchange_order_id_key; Type: CONSTRAINT; Schema: public; Owner: postgres
--

ALTER TABLE ONLY public.ticket_exchange
    ADD CONSTRAINT ticket_exchange_order_id_key UNIQUE (order_id);


--
-- TOC entry 4880 (class 2606 OID 16639)
-- Name: ticket_exchange ticket_exchange_pkey; Type: CONSTRAINT; Schema: public; Owner: postgres
--

ALTER TABLE ONLY public.ticket_exchange
    ADD CONSTRAINT ticket_exchange_pkey PRIMARY KEY (id);


--
-- TOC entry 4875 (class 2606 OID 16615)
-- Name: order unique_user_menu; Type: CONSTRAINT; Schema: public; Owner: postgres
--

ALTER TABLE ONLY public."order"
    ADD CONSTRAINT unique_user_menu UNIQUE (user_id, menu_id);


--
-- TOC entry 4884 (class 2606 OID 16832)
-- Name: rating unique_user_rating; Type: CONSTRAINT; Schema: public; Owner: postgres
--

ALTER TABLE ONLY public.rating
    ADD CONSTRAINT unique_user_rating UNIQUE (user_id, menu_id);


--
-- TOC entry 4853 (class 2606 OID 16529)
-- Name: user user_email_key; Type: CONSTRAINT; Schema: public; Owner: postgres
--

ALTER TABLE ONLY public."user"
    ADD CONSTRAINT user_email_key UNIQUE (email);


--
-- TOC entry 4855 (class 2606 OID 16527)
-- Name: user user_employee_code_key; Type: CONSTRAINT; Schema: public; Owner: postgres
--

ALTER TABLE ONLY public."user"
    ADD CONSTRAINT user_employee_code_key UNIQUE (employee_code);


--
-- TOC entry 4857 (class 2606 OID 16523)
-- Name: user user_pkey; Type: CONSTRAINT; Schema: public; Owner: postgres
--

ALTER TABLE ONLY public."user"
    ADD CONSTRAINT user_pkey PRIMARY KEY (id);


--
-- TOC entry 4861 (class 2606 OID 16541)
-- Name: user_role user_role_pkey; Type: CONSTRAINT; Schema: public; Owner: postgres
--

ALTER TABLE ONLY public.user_role
    ADD CONSTRAINT user_role_pkey PRIMARY KEY (user_id, role_id);


--
-- TOC entry 4859 (class 2606 OID 16525)
-- Name: user user_username_key; Type: CONSTRAINT; Schema: public; Owner: postgres
--

ALTER TABLE ONLY public."user"
    ADD CONSTRAINT user_username_key UNIQUE (username);


--
-- TOC entry 4885 (class 1259 OID 16688)
-- Name: idx_notification_user_read; Type: INDEX; Schema: public; Owner: postgres
--

CREATE INDEX idx_notification_user_read ON public.notification USING btree (user_id, is_read);


--
-- TOC entry 4870 (class 1259 OID 16632)
-- Name: idx_order_menu; Type: INDEX; Schema: public; Owner: postgres
--

CREATE INDEX idx_order_menu ON public."order" USING btree (menu_id);


--
-- TOC entry 4871 (class 1259 OID 16631)
-- Name: idx_order_user_status; Type: INDEX; Schema: public; Owner: postgres
--

CREATE INDEX idx_order_user_status ON public."order" USING btree (user_id, status);


--
-- TOC entry 4876 (class 1259 OID 16652)
-- Name: idx_ticket_exchange_status; Type: INDEX; Schema: public; Owner: postgres
--

CREATE INDEX idx_ticket_exchange_status ON public.ticket_exchange USING btree (status) WHERE ((status)::text = 'OPEN'::text);


--
-- TOC entry 4850 (class 1259 OID 16536)
-- Name: idx_user_department; Type: INDEX; Schema: public; Owner: postgres
--

CREATE INDEX idx_user_department ON public."user" USING btree (department_id);


--
-- TOC entry 4851 (class 1259 OID 16535)
-- Name: idx_user_full_name; Type: INDEX; Schema: public; Owner: postgres
--

CREATE INDEX idx_user_full_name ON public."user" USING btree (full_name);


--
-- TOC entry 4935 (class 2620 OID 16825)
-- Name: department update_department_modtime; Type: TRIGGER; Schema: public; Owner: postgres
--

CREATE TRIGGER update_department_modtime BEFORE UPDATE ON public.department FOR EACH ROW EXECUTE FUNCTION public.update_updated_at_column();


--
-- TOC entry 4938 (class 2620 OID 16826)
-- Name: dish update_dish_modtime; Type: TRIGGER; Schema: public; Owner: postgres
--

CREATE TRIGGER update_dish_modtime BEFORE UPDATE ON public.dish FOR EACH ROW EXECUTE FUNCTION public.update_updated_at_column();


--
-- TOC entry 4939 (class 2620 OID 16827)
-- Name: menu update_menu_modtime; Type: TRIGGER; Schema: public; Owner: postgres
--

CREATE TRIGGER update_menu_modtime BEFORE UPDATE ON public.menu FOR EACH ROW EXECUTE FUNCTION public.update_updated_at_column();


--
-- TOC entry 4940 (class 2620 OID 16828)
-- Name: order update_order_modtime; Type: TRIGGER; Schema: public; Owner: postgres
--

CREATE TRIGGER update_order_modtime BEFORE UPDATE ON public."order" FOR EACH ROW EXECUTE FUNCTION public.update_updated_at_column();


--
-- TOC entry 4937 (class 2620 OID 16830)
-- Name: permission update_permission_modtime; Type: TRIGGER; Schema: public; Owner: postgres
--

CREATE TRIGGER update_permission_modtime BEFORE UPDATE ON public.permission FOR EACH ROW EXECUTE FUNCTION public.update_updated_at_column();


--
-- TOC entry 4936 (class 2620 OID 16829)
-- Name: role update_role_modtime; Type: TRIGGER; Schema: public; Owner: postgres
--

CREATE TRIGGER update_role_modtime BEFORE UPDATE ON public.role FOR EACH ROW EXECUTE FUNCTION public.update_updated_at_column();


--
-- TOC entry 4941 (class 2620 OID 16849)
-- Name: system_config update_system_config_modtime; Type: TRIGGER; Schema: public; Owner: postgres
--

CREATE TRIGGER update_system_config_modtime BEFORE UPDATE ON public.system_config FOR EACH ROW EXECUTE FUNCTION public.update_updated_at_column();


--
-- TOC entry 4934 (class 2606 OID 16859)
-- Name: audit_log audit_log_user_id_fkey; Type: FK CONSTRAINT; Schema: public; Owner: postgres
--

ALTER TABLE ONLY public.audit_log
    ADD CONSTRAINT audit_log_user_id_fkey FOREIGN KEY (user_id) REFERENCES public."user"(id);


--
-- TOC entry 4904 (class 2606 OID 16717)
-- Name: department fk_department_created_by; Type: FK CONSTRAINT; Schema: public; Owner: postgres
--

ALTER TABLE ONLY public.department
    ADD CONSTRAINT fk_department_created_by FOREIGN KEY (created_by) REFERENCES public."user"(id);


--
-- TOC entry 4905 (class 2606 OID 16722)
-- Name: department fk_department_updated_by; Type: FK CONSTRAINT; Schema: public; Owner: postgres
--

ALTER TABLE ONLY public.department
    ADD CONSTRAINT fk_department_updated_by FOREIGN KEY (updated_by) REFERENCES public."user"(id);


--
-- TOC entry 4917 (class 2606 OID 16727)
-- Name: dish fk_dish_created_by; Type: FK CONSTRAINT; Schema: public; Owner: postgres
--

ALTER TABLE ONLY public.dish
    ADD CONSTRAINT fk_dish_created_by FOREIGN KEY (created_by) REFERENCES public."user"(id);


--
-- TOC entry 4918 (class 2606 OID 16732)
-- Name: dish fk_dish_updated_by; Type: FK CONSTRAINT; Schema: public; Owner: postgres
--

ALTER TABLE ONLY public.dish
    ADD CONSTRAINT fk_dish_updated_by FOREIGN KEY (updated_by) REFERENCES public."user"(id);


--
-- TOC entry 4927 (class 2606 OID 16647)
-- Name: ticket_exchange fk_exchange_buyer; Type: FK CONSTRAINT; Schema: public; Owner: postgres
--

ALTER TABLE ONLY public.ticket_exchange
    ADD CONSTRAINT fk_exchange_buyer FOREIGN KEY (buyer_id) REFERENCES public."user"(id);


--
-- TOC entry 4928 (class 2606 OID 16642)
-- Name: ticket_exchange fk_exchange_order; Type: FK CONSTRAINT; Schema: public; Owner: postgres
--

ALTER TABLE ONLY public.ticket_exchange
    ADD CONSTRAINT fk_exchange_order FOREIGN KEY (order_id) REFERENCES public."order"(id);


--
-- TOC entry 4921 (class 2606 OID 16601)
-- Name: menu_dish fk_menu_dish_dish; Type: FK CONSTRAINT; Schema: public; Owner: postgres
--

ALTER TABLE ONLY public.menu_dish
    ADD CONSTRAINT fk_menu_dish_dish FOREIGN KEY (dish_id) REFERENCES public.dish(id) ON DELETE CASCADE;


--
-- TOC entry 4922 (class 2606 OID 16596)
-- Name: menu_dish fk_menu_dish_menu; Type: FK CONSTRAINT; Schema: public; Owner: postgres
--

ALTER TABLE ONLY public.menu_dish
    ADD CONSTRAINT fk_menu_dish_menu FOREIGN KEY (menu_id) REFERENCES public.menu(id) ON DELETE CASCADE;


--
-- TOC entry 4919 (class 2606 OID 16737)
-- Name: menu fk_menu_updated_by; Type: FK CONSTRAINT; Schema: public; Owner: postgres
--

ALTER TABLE ONLY public.menu
    ADD CONSTRAINT fk_menu_updated_by FOREIGN KEY (updated_by) REFERENCES public."user"(id);


--
-- TOC entry 4920 (class 2606 OID 16586)
-- Name: menu fk_menu_user; Type: FK CONSTRAINT; Schema: public; Owner: postgres
--

ALTER TABLE ONLY public.menu
    ADD CONSTRAINT fk_menu_user FOREIGN KEY (created_by) REFERENCES public."user"(id);


--
-- TOC entry 4931 (class 2606 OID 16683)
-- Name: notification fk_notification_user; Type: FK CONSTRAINT; Schema: public; Owner: postgres
--

ALTER TABLE ONLY public.notification
    ADD CONSTRAINT fk_notification_user FOREIGN KEY (user_id) REFERENCES public."user"(id) ON DELETE CASCADE;


--
-- TOC entry 4923 (class 2606 OID 16621)
-- Name: order fk_order_menu; Type: FK CONSTRAINT; Schema: public; Owner: postgres
--

ALTER TABLE ONLY public."order"
    ADD CONSTRAINT fk_order_menu FOREIGN KEY (menu_id) REFERENCES public.menu(id);


--
-- TOC entry 4924 (class 2606 OID 16626)
-- Name: order fk_order_original_user; Type: FK CONSTRAINT; Schema: public; Owner: postgres
--

ALTER TABLE ONLY public."order"
    ADD CONSTRAINT fk_order_original_user FOREIGN KEY (original_user_id) REFERENCES public."user"(id);


--
-- TOC entry 4925 (class 2606 OID 16772)
-- Name: order fk_order_updated_by; Type: FK CONSTRAINT; Schema: public; Owner: postgres
--

ALTER TABLE ONLY public."order"
    ADD CONSTRAINT fk_order_updated_by FOREIGN KEY (updated_by) REFERENCES public."user"(id);


--
-- TOC entry 4926 (class 2606 OID 16616)
-- Name: order fk_order_user; Type: FK CONSTRAINT; Schema: public; Owner: postgres
--

ALTER TABLE ONLY public."order"
    ADD CONSTRAINT fk_order_user FOREIGN KEY (user_id) REFERENCES public."user"(id);


--
-- TOC entry 4908 (class 2606 OID 16742)
-- Name: permission fk_permission_created_by; Type: FK CONSTRAINT; Schema: public; Owner: postgres
--

ALTER TABLE ONLY public.permission
    ADD CONSTRAINT fk_permission_created_by FOREIGN KEY (created_by) REFERENCES public."user"(id);


--
-- TOC entry 4909 (class 2606 OID 16747)
-- Name: permission fk_permission_updated_by; Type: FK CONSTRAINT; Schema: public; Owner: postgres
--

ALTER TABLE ONLY public.permission
    ADD CONSTRAINT fk_permission_updated_by FOREIGN KEY (updated_by) REFERENCES public."user"(id);


--
-- TOC entry 4929 (class 2606 OID 16668)
-- Name: rating fk_rating_menu; Type: FK CONSTRAINT; Schema: public; Owner: postgres
--

ALTER TABLE ONLY public.rating
    ADD CONSTRAINT fk_rating_menu FOREIGN KEY (menu_id) REFERENCES public.menu(id);


--
-- TOC entry 4930 (class 2606 OID 16663)
-- Name: rating fk_rating_user; Type: FK CONSTRAINT; Schema: public; Owner: postgres
--

ALTER TABLE ONLY public.rating
    ADD CONSTRAINT fk_rating_user FOREIGN KEY (user_id) REFERENCES public."user"(id);


--
-- TOC entry 4932 (class 2606 OID 16711)
-- Name: refresh_token fk_refresh_token_user; Type: FK CONSTRAINT; Schema: public; Owner: postgres
--

ALTER TABLE ONLY public.refresh_token
    ADD CONSTRAINT fk_refresh_token_user FOREIGN KEY (user_id) REFERENCES public."user"(id) ON DELETE CASCADE;


--
-- TOC entry 4906 (class 2606 OID 16752)
-- Name: role fk_role_created_by; Type: FK CONSTRAINT; Schema: public; Owner: postgres
--

ALTER TABLE ONLY public.role
    ADD CONSTRAINT fk_role_created_by FOREIGN KEY (created_by) REFERENCES public."user"(id);


--
-- TOC entry 4915 (class 2606 OID 16562)
-- Name: role_permission fk_role_permission_permission; Type: FK CONSTRAINT; Schema: public; Owner: postgres
--

ALTER TABLE ONLY public.role_permission
    ADD CONSTRAINT fk_role_permission_permission FOREIGN KEY (permission_id) REFERENCES public.permission(id) ON DELETE CASCADE;


--
-- TOC entry 4916 (class 2606 OID 16557)
-- Name: role_permission fk_role_permission_role; Type: FK CONSTRAINT; Schema: public; Owner: postgres
--

ALTER TABLE ONLY public.role_permission
    ADD CONSTRAINT fk_role_permission_role FOREIGN KEY (role_id) REFERENCES public.role(id) ON DELETE CASCADE;


--
-- TOC entry 4907 (class 2606 OID 16757)
-- Name: role fk_role_updated_by; Type: FK CONSTRAINT; Schema: public; Owner: postgres
--

ALTER TABLE ONLY public.role
    ADD CONSTRAINT fk_role_updated_by FOREIGN KEY (updated_by) REFERENCES public."user"(id);


--
-- TOC entry 4910 (class 2606 OID 16762)
-- Name: user fk_user_created_by; Type: FK CONSTRAINT; Schema: public; Owner: postgres
--

ALTER TABLE ONLY public."user"
    ADD CONSTRAINT fk_user_created_by FOREIGN KEY (created_by) REFERENCES public."user"(id);


--
-- TOC entry 4911 (class 2606 OID 16530)
-- Name: user fk_user_department; Type: FK CONSTRAINT; Schema: public; Owner: postgres
--

ALTER TABLE ONLY public."user"
    ADD CONSTRAINT fk_user_department FOREIGN KEY (department_id) REFERENCES public.department(id);


--
-- TOC entry 4913 (class 2606 OID 16547)
-- Name: user_role fk_user_role_role; Type: FK CONSTRAINT; Schema: public; Owner: postgres
--

ALTER TABLE ONLY public.user_role
    ADD CONSTRAINT fk_user_role_role FOREIGN KEY (role_id) REFERENCES public.role(id) ON DELETE CASCADE;


--
-- TOC entry 4914 (class 2606 OID 16542)
-- Name: user_role fk_user_role_user; Type: FK CONSTRAINT; Schema: public; Owner: postgres
--

ALTER TABLE ONLY public.user_role
    ADD CONSTRAINT fk_user_role_user FOREIGN KEY (user_id) REFERENCES public."user"(id) ON DELETE CASCADE;


--
-- TOC entry 4912 (class 2606 OID 16767)
-- Name: user fk_user_updated_by; Type: FK CONSTRAINT; Schema: public; Owner: postgres
--

ALTER TABLE ONLY public."user"
    ADD CONSTRAINT fk_user_updated_by FOREIGN KEY (updated_by) REFERENCES public."user"(id);


--
-- TOC entry 4933 (class 2606 OID 16844)
-- Name: system_config system_config_updated_by_fkey; Type: FK CONSTRAINT; Schema: public; Owner: postgres
--

ALTER TABLE ONLY public.system_config
    ADD CONSTRAINT system_config_updated_by_fkey FOREIGN KEY (updated_by) REFERENCES public."user"(id);


-- Completed on 2026-06-30 09:03:19

--
-- PostgreSQL database dump complete
--

\unrestrict fhagvIz06yBO2Zj8OLuTB7CUBs5QF9YRfRJmfs0cvithuAlZMImbi36pD8Lnhqn

